id,type,short_name
street_1,CALLE,1
street_2,CALLE,1 1/2
street_3,CALLE,10
street_4,CALLE,11
street_5,PASAJE,11
street_6,CALLE,12
street_7,PASAJE,12 1/2
street_8,CALLE,13
street_9,CALLE,14
street_10,PASAJE,14
street_11,PASAJE,140
street_12,PASAJE,144
street_13,CALLE,15
street_14,PASAJE,19 DE ABRIL
street_15,CALLE,19 DE ABRIL
street_16,PASAJE,194
street_17,CALLE,2
street_18,PASAJE,23
street_19,PASAJE,28
street_20,CALLE,3
street_21,CALLE,3 1/2
street_22,PASAJE,31
street_23,PASAJE,34
street_24,PASAJE,35
street_25,PASAJE,36
street_26,PASAJE,4
street_27,CALLE,4
street_28,CALLE,4 1/2
street_29,CALLE,5
street_30,PASAJE,5
street_31,PASAJE,5 1/2
street_32,CALLE,5 1/2
street_33,PASAJE,500
street_34,PASAJE,6
street_35,CALLE,6
street_36,CALLE,6 1/2
street_37,PASAJE,7
street_38,CALLE,7
street_39,CALLE,7 1/2
street_40,PASAJE,8
street_41,CALLE,8
street_42,PASAJE,9
street_43,CALLE,9
street_44,CALLE,9 1/2
street_45,PASAJE,A
street_46,PASAJE,ABDON SOMOZA
street_47,CALLE,ABEL ARAVENA
street_48,CALLE,AGUA MARINA
street_49,PASAJE,AGUIRRE LUCO
street_50,CALLE,AGUSTIN VIGORENA
street_51,CALLE,ALBERTO BAINES
street_52,PASAJE,ALBERTO RIED
street_53,CALLE,ALCALDE CARLOS ALDUNATE
street_54,AVENIDA,ALCALDE EDUARDO CASTILLO VELASCO
street_55,CALLE,ALCALDE EDUARDO CASTILLO VELASCO
street_56,PASAJE,ALCALDE EDUARDO CASTILLO VELASCO
street_57,PASAJE,ALCALDE JORGE MONCKEBERG
street_58,CALLE,ALCALDE JORGE MONCKEBERG
street_59,AVENIDA,ALCALDE JORGE MONCKEBERG
street_60,CALLE,ALCAZAR
street_61,CALLE,ALEJANDRO RENGIFO
street_62,CALLE,ALERCES
street_63,PASAJE,ALFA
street_64,CALLE,ALONSO DE ERCILLA
street_65,PASAJE,ALVARO PUGA
street_66,PASAJE,AMAPOLAS
street_67,PASAJE,AMAPOLAS INTERIOR
street_68,AVENIDA,AMERICO VESPUCIO
street_69,CALLE,ANGEL CRUCHAGA SANTA MARIA
street_70,CALLE,ANGEL PINO
street_71,PASAJE,ANGELMO
street_72,PASAJE,ANIBAL ARACENA INFANTE
street_73,CALLE,ANIBAL PINTO
street_74,PASAJE,ANSELMO AGUAYO
street_75,CALLE,ANTILHUE
street_76,CALLE,ANTONIO SECCHI
street_77,AVENIDA,ANTONIO SECCHI
street_78,AVENIDA,ANTONIO VARAS
street_79,PASAJE,ARCADIA
street_80,CALLE,ARISTOTELES
street_81,CALLE,ARMANDO CARRERA
street_82,PASAJE,ARQUITECTO GABRIEL OVALLE
street_83,PASAJE,ARTIFICIO
street_84,CALLE,ARTIFICIO
street_85,PASEO,ARTIFICIO
street_86,CALLE,ARTURO MEDINA
street_87,PASAJE,ARTURO MEDINA
street_88,CALLE,ARZOBISPO FUENZALIDA MARTINEZ
street_89,CALLE,ATAHUALPA
street_90,PASAJE,ATICA
street_91,PASAJE,AUGUSTO VILLANUEVA
street_92,CALLE,AUGUSTO VILLANUEVA
street_93,CARRETERA,AUTOPISTA VESPUCIO SUR
street_94,CALLE,AVALOS
street_95,AVENIDA,AVENIDA AMERICO VESPUCIO
street_96,AVENIDA,AVENIDA OSSA
street_97,CALLE,AZAPA
street_98,PASAJE,B
street_99,CALLE,BADEN
street_100,CALLE,BADILLA
street_101,PASAJE,BAILEN
street_102,CALLE,BANCO DE CHILE
street_103,CALLE,BATUCO
street_104,PASAJE,BAYONA
street_105,CALLE,BEETHOVEN
street_106,PASAJE,BELMONTE
street_107,CALLE,BERNARDO DE AMASSA
street_108,PASAJE,BETA
street_109,PASAJE,BOLLEN
street_110,CALLE,BREMEN
street_111,PASAJE,BREMEN
street_112,CALLE,BRETAÑA
street_113,CALLE,BRIGIDA WALKER
street_114,CALLE,BROWN NORTE
street_115,PASAJE,BROWN NORTE
street_116,CALLE,BROWN SUR
street_117,PASAJE,BUCALEMU
street_118,CALLE,CAMPOAMOR
street_119,PASAJE,CAMPOAMOR
street_120,AVENIDA,CAMPOS DE DEPORTES
street_121,PASAJE,CAMPOS DE DEPORTES
street_122,CALLE,CANONIGO MADARIAGA
street_123,CALLE,CAPITAN FUENTES
street_124,AVENIDA,CAPITAN IGNACIO CARRERA PINTO
street_125,CALLE,CAPITAN IGNACIO CARRERA PINTO
street_126,PASAJE,CAPITAN ORELLA
street_127,CALLE,CAPITAN ORELLA
street_128,CALLE,CARLOS AGUIRRE LUCO
street_129,CALLE,CARLOS BESA
street_130,AVENIDA,CARLOS DITTBORN
street_131,PASAJE,CARLOS DITTBORN
street_132,CALLE,CARLOS MONTT
street_133,PASAJE,CARLOS MONTT
street_134,CALLE,CARLOS SILVA FIGUEROA
street_135,CALLE,CARMEN COVARRUBIAS
street_136,PASAJE,CARMEN COVARRUBIAS
street_137,CALLE,CASTILLO URIZAR
street_138,CALLE,CAUPOLICAN
street_139,CALLE,CAUQUENES
street_140,CALLE,CELERINO PEREIRA
street_141,CALLE,CELIA SOLAR
street_142,CALLE,CERVANTES
street_143,PASAJE,CERVANTES
street_144,CALLE,CHACA
street_145,CALLE,CHALLACOLLO
street_146,PASAJE,CHANKS
street_147,CALLE,CHILCAYA
street_148,PASAJE,CHILE ESPAÑA
street_149,AVENIDA,CHILE ESPAÑA
street_150,PASAJE,CHIU CHIU
street_151,CALLE,CICERON
street_152,PASAJE,CIRUJANO VIDELA
street_153,CALLE,CIRUJANO VIDELA
street_154,CALLE,CLORINDA WILLSHAW
street_155,CALLE,COLO COLO
street_156,PASAJE,CONDELL
street_157,AVENIDA,CONDELL
street_158,PASAJE,CONDOMINIO JOSE PEDRO ALESSANDRI
street_159,CALLE,CONDOMINIO NUEVA 2000
street_160,CALLE,CONSCRIPTO ARREDONDO
street_161,CALLE,CONTRAMAESTRE MICALVI
street_162,PASAJE,CONTRERAS
street_163,AVENIDA,COQUIMBO
street_164,CALLE,CORDILLERA
street_165,CALLE,CORFU
street_166,PASAJE,COVENTRY
street_167,CALLE,COVENTRY
street_168,CALLE,CRESCENTE ERRAZURIZ
street_169,CALLE,CRUCHAGA SANTA MARIA
street_170,CALLE,CUATRO
street_171,PASAJE,CUESTA EL MELON
street_172,PASEO,CUESTA EL MELÓN
street_173,CALLE,CURAMILLA
street_174,CALLE,CURANIPE
street_175,PASAJE,DAGOBERTO GODOY
street_176,PASAJE,DELFOS
street_177,AVENIDA,DIAGONAL ORIENTE
street_178,PASAJE,DIAGONAL ORIENTE
street_179,CALLE,DIAGONAL ORIENTE
street_180,CALLE,DIAGONAL SUAREZ MUJICA
street_181,PASAJE,DIAGONAL SUAREZ MUJICA
street_182,PASAJE,DICHATO
street_183,AVENIDA,DIEGO DE ALMAGRO
street_184,PASAJE,DIEGO DE ALMAGRO
street_185,PASAJE,DIEGO DE ALMAGRO INTERIOR
street_186,CALLE,DIEGO SOTOMAYOR
street_187,CALLE,DOCTOR AGUSTIN ANDRADE
street_188,PASAJE,DOCTOR AGUSTIN ANDRADE
street_189,CALLE,DOCTOR ALEJANDRO DEL RIO
street_190,PASAJE,DOCTOR JOHOW
street_191,CALLE,DOCTOR JOHOW
street_192,CALLE,DOCTOR LUIS BISQUERT
street_193,CALLE,DOCTOR MAMERTO CADIZ
street_194,PASAJE,DOCTOR PEDRO CALVO BARROS
street_195,PASAJE,DOCTOR PEDRO LAUTARO FERRER
street_196,AVENIDA,DOCTOR PEDRO LAUTARO FERRER
street_197,CALLE,DOCTOR PEDRO LAUTARO FERRER
street_198,PASAJE,DOMINGO FAUSTINO SARMIENTO
street_199,CALLE,DOMINGO FAUSTINO SARMIENTO
street_200,CALLE,DOMINGO TORO HERRERA
street_201,PASAJE,DOS
street_202,CALLE,DR. PARMENIO YAÑEZ ANDRADE
street_203,PASAJE,DUBLE ALMEYDA
street_204,CALLE,DUBLE ALMEYDA
street_205,AVENIDA,DUBLE ALMEYDA
street_206,PASAJE,ECHEÑIQUE
street_207,AVENIDA,ECHEÑIQUE
street_208,CALLE,EDUARDO CASTILLO VELASCO
street_209,PASAJE,EDUARDO CASTILLO VELASCO
street_210,CALLE,EDUARDO DONOSO
street_211,CALLE,EDUARDO LLANOS
street_212,PASAJE,EGAÑA
street_213,PASAJE,EL ALMENDRAL
street_214,CALLE,EL ANCLA
street_215,CALLE,EL BARON
street_216,PASAJE,EL CASTILLO
street_217,CALLE,EL COBRE
street_218,PASAJE,EL COBRE
street_219,PASAJE,EL FARO
street_220,CALLE,EL GALLITO
street_221,CALLE,EL GRUMETE
street_222,CALLE,EL MERCANTE
street_223,CALLE,EL OIDOR
street_224,CALLE,EL TATIO
street_225,CALLE,EL VIGIA
street_226,CALLE,ELIAS DE LA CRUZ
street_227,PASAJE,ELIECER PARADA
street_228,CALLE,ELIECER PARADA
street_229,CALLE,ELIODORO FLORES
street_230,PASAJE,EMILIA TELLEZ
street_231,CALLE,EMILIA TELLEZ
street_232,PASAJE,EMILIA TELLEZ INTERIOR
street_233,CALLE,EMILIO VAISSE
street_234,PASAJE,ENRIQUE BRAVO
street_235,CALLE,ENRIQUE RICHARD
street_236,PASAJE,EPIRO
street_237,CALLE,ERNESTO ANSARD
street_238,PASAJE,ERNESTO COURTOIS
street_239,PASAJE,ESCUDO DE ARMAS
street_240,CALLE,ESPRONCEDA
street_241,PASAJE,ESPRONCEDA
street_242,CALLE,ESTACION PIRQUE
street_243,CALLE,ESTRELLA SOLITARIA
street_244,PASAJE,ESTRELLA SOLITARIA
street_245,CALLE,EUDOSIA VICUÑA
street_246,CALLE,EUGENIO GARIN
street_247,PASAJE,EUGENIO NAVARRETE
street_248,CALLE,EXEQUIEL FERNANDEZ
street_249,PASAJE,EXEQUIEL FERNANDEZ
street_250,CALLE,EXEQUIEL FIGUEROA
street_251,CALLE,FACUNDO
street_252,CALLE,FENELON
street_253,CALLE,FERNANDEZ CONCHA
street_254,CALLE,FIDIAS
street_255,PASAJE,FIDIAS
street_256,CALLE,FLORENCIO GARCIA
street_257,PASAJE,FOLO
street_258,CALLE,FRANCISCO DE PAULA
street_259,AVENIDA,FRANCISCO DE VILLAGRA
street_260,PASAJE,FRANCISCO DE VILLAGRA
street_261,CALLE,FRANCISCO MENESES
street_262,CALLE,FRANCISCO MOLINA
street_263,CALLE,FRANCISCO SOLANO ASTABURUAGA
street_264,CALLE,GALICIA
street_265,PASAJE,GALICIA
street_266,CALLE,GARCIA MORENO
street_267,PASAJE,GARCIA MORENO
street_268,CALLE,GARCIA VALENZUELA
street_269,CALLE,GARIBALDI
street_270,PASAJE,GASPAR MORA
street_271,CALLE,GASPAR VILLARROEL
street_272,CALLE,GENERAL BOONEN RIVERA
street_273,AVENIDA,GENERAL BUSTAMANTE
street_274,CALLE,GENERAL DUNHAN
street_275,PASAJE,GENERAL FLORES
street_276,PASAJE,GENERAL GOROSTIAGA
street_277,CALLE,GENERAL GOROSTIAGA
street_278,CALLE,GENERAL MIRANDA
street_279,CALLE,GENERAL PEDRO PABLO DARTNELL
street_280,CALLE,GERONA
street_281,CALLE,GIRARDI
street_282,PASAJE,GIRON DE LAS PALMAS
street_283,CALLE,GRACIELA
street_284,CALLE,GRANADA
street_285,AVENIDA,GRECIA
street_286,CALLE,GRECIA
street_287,PASAJE,GRECIA
street_288,PASAJE,GRECIA INTERIOR
street_289,CALLE,GRECIA INTERIOR
street_290,CALLE,GUADALQUIVIR
street_291,PASAJE,GUARQUEN
street_292,CALLE,GUARQUEN
street_293,CALLE,GUGGENHEIN
street_294,CALLE,GUILLERMO FRANKE
street_295,PASAJE,GUILLERMO MANN
street_296,AVENIDA,GUILLERMO MANN
street_297,CALLE,HAENDEL
street_298,PASAJE,HAMBURGO
street_299,CALLE,HAMBURGO
street_300,PASAJE,HANNOVER
street_301,CALLE,HANNOVER
street_302,PASAJE,HANNOVER INTERIOR
street_303,CALLE,HERIBERTO COVARRUBIAS
street_304,PASAJE,HERNAN CORTES
street_305,AVENIDA,HERNAN CORTES
street_306,CALLE,HERNANDO DE AGUIRRE
street_307,PASAJE,HIJUELAS
street_308,PASEO,HIJUELAS
street_309,PASAJE,HOLANDA
street_310,AVENIDA,HOLANDA
street_311,CALLE,HORCON
street_312,CALLE,HUMBERTO TRUCCO
street_313,PASAJE,INCAHUASI
street_314,CALLE,INES PALMA
street_315,CALLE,IQUIQUE
street_316,PASAJE,IRARRAZAVAL
street_317,CALLE,IRARRAZAVAL
street_318,AVENIDA,IRARRAZAVAL
street_319,CALLE,ISLA CHAROA
street_320,AVENIDA,ITALIA
street_321,PASAJE,ITATA
street_322,CALLE,ITATA
street_323,CALLE,JAIME GUZMAN ERRAZURIZ
street_324,CALLE,JARILLA
street_325,PASAJE,JEAN SIBELIUS
street_326,CALLE,JOAQUIN CABEZAS
street_327,CALLE,JOAQUIN WALKER MARTINEZ
street_328,CALLE,JORGE BATISTE
street_329,CALLE,JORGE CANNING
street_330,PASAJE,JORGE WASHINGTON
street_331,CALLE,JORGE WASHINGTON
street_332,PASAJE,JOSE BENAVENTE
street_333,CALLE,JOSE BENAVENTE
street_334,AVENIDA,JOSE DOMINGO CAÑAS
street_335,PASAJE,JOSE DOMINGO CAÑAS
street_336,CALLE,JOSE GABRIEL ROJAS
street_337,CALLE,JOSE IGNACIO VERGARA
street_338,CALLE,JOSE JOAQUIN DE MORA
street_339,CALLE,JOSE LUIS ARANEDA
street_340,AVENIDA,JOSE MANUEL INFANTE
street_341,CALLE,JOSE MANUEL INFANTE
street_342,CALLE,JOSE MARIA NARBONA
street_343,PASAJE,JOSE MIGUEL CLARO
street_344,AVENIDA,JOSE MIGUEL CLARO
street_345,PASAJE,JOSE MIGUEL INFANTE
street_346,PASAJE,JOSE PEDRO ALESSANDRI
street_347,AVENIDA,JOSE PEDRO ALESSANDRI
street_348,PASAJE,JOSELITO
street_349,PASAJE,JUAN DIAZ
street_350,CALLE,JUAN ENRIQUE CONCHA
street_351,PASAJE,JUAN ENRIQUE CONCHA
street_352,CALLE,JUAN FRANCISCO GONZALEZ
street_353,PASAJE,JUAN FRANCISCO GONZALEZ
street_354,CALLE,JUAN GODOY
street_355,PASAJE,JUAN GOMEZ
street_356,CALLE,JUAN JARA
street_357,PASAJE,JUAN MOYA INTERIOR
street_358,PASAJE,JUAN MOYA MORALES
street_359,CALLE,JUAN MOYA MORALES
street_360,PASAJE,JUAN MOYA MORALES INTERIOR
street_361,CALLE,JUAN SABAJ
street_362,CALLE,JULIO CORDERO BUSTAMANTE
street_363,CALLE,JULIO PRADO
street_364,PASAJE,JULIO PRADO
street_365,CALLE,JULIO ZEGERS
street_366,CALLE,JUSTO UGARTE
street_367,CALLE,LA ADUANA
street_368,PASAJE,LA CALERA
street_369,PASEO,LA CALERA
street_370,PASAJE,LA CONCORDIA
street_371,PASAJE,LA CRUZ
street_372,CALLE,LA GIRALDA
street_373,PASAJE,LA GIRALDA
street_374,CALLE,LA PROA
street_375,CALLE,LA QUILLA
street_376,PASAJE,LA QUILLA
street_377,PASAJE,LA RADA
street_378,CALLE,LA RESACA
street_379,CALLE,LA TIRANA
street_380,PASAJE,LA TIRANA
street_381,CALLE,LA VERBENA
street_382,PASAJE,LA VERBENA
street_383,PASAJE,LACONIA
street_384,PASAJE,LAGUNA VERDE
street_385,CALLE,LAS ALGAS
street_386,CALLE,LAS AMAPOLAS
street_387,PASAJE,LAS AMAPOLAS
street_388,PASAJE,LAS ARALIAS
street_389,CALLE,LAS BRUMAS
street_390,PASAJE,LAS BRUMAS
street_391,CALLE,LAS DALIAS
street_392,CALLE,LAS DOCAS
street_393,CALLE,LAS ENCINAS
street_394,PASAJE,LAS ENCINAS
street_395,PASAJE,LAS GARDENIAS
street_396,PASAJE,LAS MAREJADAS
street_397,CALLE,LAS MAREJADAS
street_398,PASAJE,LAS OLAS
street_399,PASAJE,LAS PALMERAS
street_400,CALLE,LAS PALMERAS
street_401,CALLE,LAS REGATAS
street_402,PASAJE,LAS ROCAS
street_403,PASAJE,LAS TORMENTAS
street_404,PASAJE,LAS TORPEDERAS
street_405,CALLE,LAS TORPEDERAS
street_406,CALLE,LAS VERONICAS
street_407,PASAJE,LASTENIA VALDIVIESO
street_408,PASAJE,LEON WEINSTEIN
street_409,PASAJE,LEOPOLDO URRUTIA
street_410,CALLE,LEOPOLDO URRUTIA
street_411,CALLE,LICENCIADO DE LAS PEÑAS
street_412,PASAJE,LICENCIADO DE LAS PEÑAS
street_413,CALLE,LIMACHE
street_414,CALLE,LINCOYAN
street_415,PASAJE,LINE
street_416,CALLE,LLUTA
street_417,AVENIDA,LO ENCALADA
street_418,CALLE,LO ENCALADA
street_419,PASAJE,LO ENCALADA
street_420,PASAJE,LO PLAZA
street_421,PASAJE,LONGITUDINAL
street_422,CALLE,LONGITUDINAL
street_423,CALLE,LOS 3 ANTONIOS
street_424,PASAJE,LOS 3 ANTONIOS
street_425,CALLE,LOS AGUSTINOS
street_426,PASAJE,LOS ALBAÑILES
street_427,CALLE,LOS ALERCES
street_428,PASAJE,LOS ALERCES
street_429,PASAJE,LOS ALERCES INTERIOR
street_430,CALLE,LOS ALIAGA
street_431,PASAJE,LOS ALIAGA
street_432,CALLE,LOS ALMENDROS
street_433,PASAJE,LOS ALMENDROS
street_434,PASAJE,LOS ALMENDROS INTERIOR
street_435,PASAJE,LOS ARRECIFES
street_436,CALLE,LOS AVELLANOS
street_437,PASAJE,LOS CARPINTEROS
street_438,CALLE,LOS CEREZOS
street_439,PASAJE,LOS CEREZOS
street_440,CALLE,LOS CORALES
street_441,PASAJE,LOS CORTESES
street_442,PASAJE,LOS ENFIERRADORES
street_443,PASAJE,LOS ESCULTORES
street_444,PASAJE,LOS ESTUCADORES
street_445,PASAJE,LOS GIRASOLES
street_446,CALLE,LOS JARDINES
street_447,PASAJE,LOS JARDINES
street_448,PASAJE,LOS JARDINES INTERIOR
street_449,CALLE,LOS JAZMINES
street_450,PASAJE,LOS JAZMINES
street_451,PASAJE,LOS JORNALEROS
street_452,PASAJE,LOS LABRADORES
street_453,AVENIDA,LOS LEONES
street_454,PASAJE,LOS MARINEROS
street_455,CALLE,LOS NAVIOS
street_456,CALLE,LOS PESCADORES
street_457,CALLE,LOS POZOS
street_458,CALLE,LOS SALVAVIDAS
street_459,CALLE,LOS TALAVERAS
street_460,PASAJE,LOS TOTORALES
street_461,PASEO,LOS TOTORALES
street_462,PASAJE,LOS VELEROS
street_463,PASAJE,LOS VIDRIEROS
street_464,CALLE,LUIS ALBERTO HEIREMANS
street_465,CALLE,LUIS BELTRAN
street_466,CALLE,LUIS BERNARDIN
street_467,PASAJE,LUIS PEREIRA
street_468,CALLE,LUIS PEREIRA
street_469,CALLE,LUIS URIBE
street_470,PASAJE,MACUL
street_471,CALLE,MALAQUIAS CONCHA
street_472,CALLE,MANAGUA
street_473,CALLE,MANOLETE ESPARTERO
street_474,AVENIDA,MANUEL ANTONIO MATTA
street_475,CALLE,MANUEL BARRIOS
street_476,CALLE,MANUEL COVARRUBIAS
street_477,PASAJE,MANUEL DE SALAS
street_478,CALLE,MANUEL DE SALAS
street_479,AVENIDA,MANUEL MONTT
street_480,PASAJE,MANUTARA
street_481,AVENIDA,MARATHON
street_482,CALLE,MARCHANT PEREIRA
street_483,CALLE,MARIA CELESTE
street_484,CALLE,MARIA DE IGLESIAS
street_485,PASAJE,MARIO MARIN
street_486,PASAJE,MARTA
street_487,PASAJE,MATTA ORIENTE
street_488,CALLE,MATTA ORIENTE
street_489,CALLE,MAXIMO BACH
street_490,CALLE,MAXIMO JERIA
street_491,PASAJE,MISOLONGHI
street_492,CALLE,MONSEÑOR EYZAGUIRRE
street_493,PASAJE,MONTENEGRO
street_494,AVENIDA,MONTENEGRO
street_495,PASAJE,MONTENEGRO INTERIOR
street_496,CALLE,MUJICA
street_497,CALLE,NAMA
street_498,CALLE,NANCY
street_499,PASAJE,NARBONA
street_500,PASAJE,NATALIO STEIN
street_501,PASAJE,NELSON
street_502,CALLE,NELSON
street_503,CALLE,NICANOR MARAMBIO
street_504,CALLE,NICARAGUA
street_505,CALLE,NILAHUE
street_506,SIN,NOMBRE
street_507,CALLE,NORA
street_508,CALLE,NUEVA
street_509,CALLE,NUEVA 1
street_510,PASAJE,NUEVA 1
street_511,CALLE,NUEVA 2
street_512,CALLE,NUEVA HANNOVER
street_513,PASAJE,NUEVA LOS ALERCES
street_514,CALLE,NUEVA SEMINARIO
street_515,PASAJE,NUEVA SUCRE
street_516,CALLE,NUNCIO LAGHI
street_517,CALLE,NUÑEZ DE ARCE
street_518,CALLE,OBISPO  ORREGO
street_519,CALLE,OBISPO ORREGO
street_520,PASAJE,OBISPO ORREGO
street_521,CALLE,OLMUE
street_522,PASAJE,ONCE
street_523,PASAJE,ORTUZAR
street_524,AVENIDA,ORTUZAR
street_525,AVENIDA,OSSA
street_526,PASAJE,OSSA
street_527,CALLE,OSSA
street_528,CALLE,OTTAWA
street_529,CALLE,PACHICA
street_530,CALLE,PALQUI
street_531,CALLE,PANAMA
street_532,CALLE,PANULCILLO
street_533,PASAJE,PARIS
street_534,CALLE,PASCUAL BABURIZZA
street_535,PASAJE,PEATONES 12
street_536,PASAJE,PEATONES 14
street_537,CALLE,PEATONES 15
street_538,PASAJE,PEATONES 16
street_539,PASAJE,PEATONES 17
street_540,PASAJE,PEATONES 18
street_541,PASAJE,PEATONES 19
street_542,PASAJE,PEATONES 20
street_543,PASAJE,PEATONES 21
street_544,PASAJE,PEATONES 22
street_545,PASAJE,PEATONES 23
street_546,PASAJE,PEATONES 24
street_547,PASAJE,PEATONES 25
street_548,PASAJE,PEATONES 26
street_549,PASAJE,PEATONES 27
street_550,PASAJE,PEATONES 28
street_551,PASAJE,PEATONES 30
street_552,CALLE,PEATONES 31
street_553,PASAJE,PEATONES 32
street_554,PASAJE,PEATONES 33
street_555,PASAJE,PEATONES 35
street_556,PASAJE,PEATONES 36
street_557,CALLE,PEDRO AGUIRRE CERDA
street_558,CALLE,PEDRO DE OÑA
street_559,CALLE,PEDRO DE VALDIVIA
street_560,AVENIDA,PEDRO DE VALDIVIA
street_561,PASAJE,PEDRO DE VALDIVIA
street_562,CALLE,PEDRO HEMRICK LING
street_563,CALLE,PEDRO LOBOS
street_564,CALLE,PEDRO MARIN
street_565,CALLE,PEDRO MONTT
street_566,CALLE,PEDRO RICO
street_567,CALLE,PEDRO SOLIS
street_568,PASAJE,PEDRO SOLIS
street_569,PASAJE,PEDRO TORRES
street_570,CALLE,PEDRO TORRES
street_571,PASAJE,PELLIN
street_572,PASAJE,PERICLES
street_573,CALLE,PERICLES
street_574,CALLE,PEÑABLANCA
street_575,PASAJE,PEÑABLANCA
street_576,CALLE,PICHIDANGUI
street_577,PASAJE,PILMAIQUEN
street_578,CALLE,PLATON
street_579,CALLE,PLAYA 1
street_580,CALLE,PLAYA 2
street_581,CALLE,PLAYA ANCHA
street_582,PASAJE,PLAYA ANCHA
street_583,PASAJE,PLAZA EGAÑA
street_584,CALLE,PREMIO NOBEL
street_585,AVENIDA,PRESIDENTE BATTLE Y ORDOÑEZ
street_586,CALLE,PRESIDENTE MADERO
street_587,PASAJE,PRESIDENTE MADERO INTERIOR
street_588,PASAJE,PRIMAVERA
street_589,CALLE,PROFESOR JUAN GOMEZ MILLAS
street_590,PASAJE,PROFESOR JUAN GOMEZ MILLAS
street_591,PASAJE,PUCARA
street_592,AVENIDA,PUCARA
street_593,PASAJE,PUCARA INTERIOR
street_594,CALLE,PUCHACAI
street_595,CALLE,PUCHUNCAVI
street_596,CALLE,PUEBLO HUNDIDO
street_597,CALLE,PUMANQUE
street_598,CALLE,PUNITAQUI
street_599,CALLE,PUQUIOS
street_600,CALLE,QUILLAGUA
street_601,CALLE,QUILPUE
street_602,PASAJE,QUINQUIMO
street_603,CALLE,QUINQUIMO
street_604,PASAJE,QUINTAY
street_605,CALLE,QUIRIHUE
street_606,CALLE,QUIVOLGO
street_607,CALLE,RAFAEL PRADO
street_608,CALLE,RAMON CRUZ
street_609,PASAJE,RAMON CRUZ MONTT
street_610,PASAJE,RAMON ESCOBAR
street_611,CALLE,RAMON PUELMA
street_612,CALLE,RAPEL
street_613,PASAJE,RAUL CISTERNA
street_614,PASAJE,RAUL SILVA CASTRO
street_615,AVENIDA,REGINA PACIS
street_616,PASAJE,REINA DEL MAR
street_617,PASAJE,REMIGIO CANALES
street_618,PASAJE,REMIGIO CANALES INTERIOR
street_619,CALLE,RENGO
street_620,CALLE,REPUBLICA DE ISRAEL
street_621,PASAJE,REPUBLICA DE ISRAEL
street_622,CALLE,RESIDENCIAL SEMINARIO
street_623,AVENIDA,RICARDO LYON
street_624,PASAJE,RICARDO LYON
street_625,PASAJE,RITOQUE
street_626,CALLE,RITOQUE
street_627,CALLE,RIVADAVIA
street_628,CALLE,RODOLFO LENZ
street_629,PASAJE,RODRIGO DE ARAYA
street_630,AVENIDA,RODRIGO DE ARAYA
street_631,CALLE,RODRIGO DE ARAYA
street_632,CALLE,ROMAN DIAZ
street_633,CALLE,ROMEO SALINAS
street_634,PASAJE,ROSEMBLITT
street_635,PASAJE,ROSITA RENARD
street_636,CALLE,ROSITA RENARD
street_637,PASAJE,RUCAPIREN
street_638,CALLE,SALITRE
street_639,PASAJE,SALITRE
street_640,PASAJE,SALOMON DORFMAN
street_641,CALLE,SALVADOR
street_642,PASAJE,SALVADOR
street_643,AVENIDA,SALVADOR
street_644,CALLE,SALVADOR  SUR
street_645,CALLE,SALVADOR REYES
street_646,CALLE,SALVADOR SUR
street_647,AVENIDA,SALVADOR SUR
street_648,PASAJE,SALVADOR SUR
street_649,CALLE,SAN ANDRES
street_650,AVENIDA,SAN EUGENIO
street_651,PASAJE,SAN EUGENIO
street_652,CALLE,SAN EUGENIO
street_653,CALLE,SAN FELIPE
street_654,PASAJE,SAN FERNANDO
street_655,CALLE,SAN FERNANDO
street_656,CALLE,SAN JORGE
street_657,CALLE,SAN JUAN
street_658,CALLE,SAN JUAN DE LUZ
street_659,PASAJE,SAN JUAN DE LUZ
street_660,CALLE,SAN PEDRO
street_661,PASAJE,SANTA ELVIRA
street_662,CALLE,SANTA EMMA
street_663,CALLE,SANTA JULIA
street_664,PASAJE,SANTA JULIA
street_665,PASAJE,SANTA JULIA INTERIOR
street_666,PASAJE,SANTO TORIBIO
street_667,CALLE,SARGENTO CANDELARIA
street_668,CALLE,SARGENTO LUIS NAVARRETE
street_669,CALLE,SARGENTO MENADIER
street_670,PASAJE,SARMIENTO
street_671,CALLE,SAUZAL
street_672,AVENIDA,SEMINARIO
street_673,CALLE,SEMINARIO
street_674,CALLE,SILVIO GUERRERO
street_675,PASAJE,SIMON BOLIVAR
street_676,AVENIDA,SIMON BOLIVAR
street_677,CALLE,SIMON BOLIVAR
street_678,CALLE,SIN NOMBRE
street_679,PASAJE,SIN NOMBRE
street_680,CALLE,SOCAIRE
street_681,CALLE,SOCRATES
street_682,CALLE,SUAREZ MUJICA
street_683,PASAJE,SUAREZ MUJICA
street_684,PASAJE,SUCRE
street_685,AVENIDA,SUCRE
street_686,PASAJE,SUECIA
street_687,AVENIDA,SUECIA
street_688,AVENIDA,SUR
street_689,PASAJE,TALA
street_690,PASAJE,TALCA
street_691,CALLE,TAMAYA
street_692,PASAJE,TANUME
street_693,PASAJE,TAPIHUE
street_694,CALLE,TATIO
street_695,PASAJE,TEGUALDA
street_696,CALLE,TEGUALDA
street_697,CALLE,TENIENTE COMPTON
street_698,CALLE,TENIENTE MONTT
street_699,PASAJE,TENIENTE MONTT INTERIOR
street_700,CALLE,TIL TIL
street_701,AVENIDA,TOBALABA
street_702,PASAJE,TOBALABA
street_703,PASAJE,TOTORAL
street_704,CALLE,TOTORAL
street_705,PASAJE,TRANSVERSAL SUAREZ MUJICA
street_706,CALLE,TRANSVERSAL SUAREZ MUJICA
street_707,PASAJE,TRAPILHUE
street_708,PASAJE,TREINTA Y SIETE
street_709,PASAJE,TREJO
street_710,PASAJE,TRIHUE
street_711,CALLE,TRONCOS VIEJOS
street_712,CALLE,TUCAPEL
street_713,CALLE,TUNGA
street_714,CALLE,UNION LITERARIA
street_715,PASAJE,UNO
street_716,CALLE,VALENCIA
street_717,CALLE,VALPARAISO
street_718,CALLE,VARSOVIA
street_719,PASAJE,VASCO DE GAMA
street_720,CALLE,VASCO DE GAMA
street_721,PASAJE,VEINTINUEVE
street_722,CALLE,VIA 10
street_723,PASAJE,VIA 11
street_724,CALLE,VIA 12
street_725,CALLE,VIA 13
street_726,CALLE,VIA 14
street_727,PASAJE,VIA 7
street_728,CALLE,VIA 7
street_729,CALLE,VIA 8
street_730,CALLE,VIA 8 Y MEDIO
street_731,CALLE,VIA 9
street_732,CALLE,VIA SATELITE
street_733,PASAJE,VIA SIETE
street_734,CALLE,VICENTE REYES
street_735,AVENIDA,VICUÑA MACKENNA
street_736,PASAJE,VILLA ISRAEL
street_737,CALLE,VILLASECA
street_738,PASAJE,VILLASECA
street_739,PASAJE,VILLOSLAVA
street_740,CALLE,VILLOSLAVA
street_741,PASAJE,VIRGINIO ARIAS
street_742,CALLE,VIRGINIO ARIAS
street_743,CALLE,WASHINGTON ESPEJO
street_744,PASAJE,WILLIAMS REBOLLEDO
street_745,CALLE,WILLIAMS REBOLLEDO
street_746,PASAJE,ZAÑARTU
street_747,AVENIDA,ZAÑARTU
